ID;Value;Name
879248;4820001446678;(у) сок садочок томат 0.38л
879250;4820001446050;(у) сок сандора Gold красные ягоды 0.25л
879251;4820001443745;(у) сок сандора Gold мандарин 0.5л
879252;4820001443622;(у) сок сандора Gold овощной 0.25л
879253;4820001446548;(у) сок сандора Gold призма овощной острый 1л
879254;4820001442106;(у) сок сандора Gold томатный 0.5л
879255;4820001446067;(у) сок сандора классик томат 2л
879257;4820001448030;(у) сок сандора мандарин 0.25л
879258;4820066790747;(у) сок сандора нсз персик 1.5л
879259;4820001446531;(у) сок сандорик ягодный 0.2л
879260;4820003481721;(у) спред буренка 72.5% 200г
879262;4820033590967;(у) сушки ванильные 300г (донецкий бкк)
879263;4820019692371;(у) сырковая масса щодня 4.5% ассортим ст. 150г
879264;4820019692388;(у) сырковая масса щодня 4.5% ассортим ст. 150г #2
550287;5907459846119;(фку) ассорти десертное низкобелковое 150г (4913) 1/12
550288;5907459846904;(фку) макароны спиральки 250г 1/10
2275003;5907459846935;(фку) макароны таглиателле 250г 1/10
550289;5906720571415;(фку) низкобелк.печенье 130г (4920) 1/12
550290;5906720571422;(фку) пирожное медовые низкобелковые 130г (4914) 1/12
550291;5907459846607;(фку) смесь для выпечки хлеба и пасты 500г (4916) 1/11
550292;5907459846737;(фку) хлеб повседневный 300г (4910) 1/10
550293;67714002690;(х) nutram Adult Dog - сухой корм для взрослых собак 15кг 07.12 65254 у
879278;5010645702356;++ polythene bags 10x12 150g 10x12 l
879279;5012042125004;++ polythene bags 12x15 150g ld1215
2582146;4046719095483;-filtre de discretion vikuiti pour notebook 12.1---
2582147;4046719095599;-filtre de discretion vikuiti pour notebook 14.1---
2699743;85854079433;-trolley notebook jusqu'? 15.4-- nylon Noir blanc-
2735336;4630017111183;-ктс дневник унив. обл. 7бц кожзам svepa, тиснение мотоцикл (24) с 2877-01
471439;4607129497566;-ктс кисть пони №2 (50) 9173
2274998;47185936014;0
3001560;41220908257;0 calorie aspartame sweetener
1845323;5000167114850;0 s&g sexy mother pucker Peach 7ml 1 unit
1357143;613255077774;0 size cap filler
3001561;813267020038;0% fat free Milk
3001563;41497093076;0% fat greek non fat yogurt plain
1471561;71481025509;0% milkfat fat free small curd cottage Cheese
1471565;71481022003;0% milkfat fat free small curd cottage Cheese small curd with pineapple
3001565;5051379079420;0% non fat greek yogurt with Fruit
3001566;8434165452930;0% sugars added digestive
2506583;4610009340012;0-01 набор для вышивания (ленивый кот) Алиса 11x 9см
2506594;4610009340548;0-05 набор для вышивания (для тебя) Алиса 10x 11см
1174346;1234565;0-10-418 нож dynagrip 165мм (шт.)
2506600;4610009340685;0-20 набор для вышивания (доброй ночи) Алиса 7x 7см
1357227;20209086001;0-20209-08600-1
2506603;4610009341040;0-21 набор для вышивания (клубничка) Алиса 7x 7см
340427;5012909005616;0-3M plain soother newborn silicone (6101
513184;5012909007207;0-3M translucent n/born soother silicone
2506628;761345159241;0-761345-15924-1
1357421;34772530021;0-carb catfish strp
2768592;37103143280;0.008inch x 0.53inch reach round lt series tip for wsp80 soldering pencil
2768593;37103173010;0.008inch x 0.98inch reach bent round lt series tip for wsp80 soldering pencil
2768594;37103173003;0.008inch x 0.98inch reach round lt series tip for wsp80 soldering pencil
2768595;37103173027;0.008inch x 0.98inch reach round lt series tip for wsp80 soldering pencil #2
2768596;37103192035;0.010inch x 0.291inch nt series micro tip for wmp micro soldering pencil
2768597;37103192042;0.010inch x 0.333inch nt series micro tip for wmp micro soldering pencil
2768598;37103166708;0.010inch x 0.37inch reach bent round lt series tip for wsp80 soldering pencil
2768599;37103143273;0.010inch x 0.43inch reach round lt series tip for wsp80 soldering pencil
2768600;37103166753;0.012inch x 0.76inch reach Long bent round lt series tip, wsp80 soldering pencil
2768601;37103591760;0.015inch x 0.000inch x 0.700inch et single flat tip for pes51 soldering pencil
2768602;37103478054;0.015inch x 0.000inch x 1.00inch Long conical tip for pes51 soldering pencil
2768603;37103101914;0.015inch x 0.020inch mt series conical tip for mt1501 soldering pencil
2768604;37103101709;0.015inch x 0.32inch mt series conical tip for mt1501 soldering pencil
2768605;37103479600;0.015inch x 0.437inch reach eph micropoint tip for ec1302, ec1301 series irons
2768606;37103474544;0.015inch x 0.43inch mp series conical tip for wm120 iron
2768607;37103593320;0.015inch x 0.625inch reach Long micropoint tip for ec1302, ec1301 series irons
2768608;37103478030;0.015inch x 1.0inch x 700° pt series Long conical tip for tc201 series iron
2768609;37103591623;0.015inch x 1.0inch x 700° pt series Long screwdriver tip for tc201 series iron
2768610;37103478047;0.015inch x 1.0inch x 800° pt series Long conical tip for tc201 series iron
2768611;37103591616;0.015inch x 1.0inch x 800° pt series Long screwdriver tip for tc201 series iron
2768612;37103192059;0.016inch x 0.321inch nt series bent round tip for wmp micro soldering pencil
2013634;8710871116657;1 de beste #98
2013635;8710871117395;1 de beste #99
1357439;5026418071925;1 direction teen egg and mug 82.5g
241573;5055200500039;1 Display card No.1 None
1748211;780984772383;1 dozen velour animal hand puppets kids toy preschool kindergarten
879496;37155942732;1 female pipe tee
879497;4806011824019;1 first choice Special steamed Noodle 500g
1845365;78477493908;1 gang blank plate ivory leviton 80714-ooi sanr01/001
1845366;78477493946;1 gang blank plate White leviton 80714-00w san002/R02
1845367;78477098233;1 gang duplex plate White leviton 80703-00w sanr12/ro2
590500;78477086919;1 gang outletpltiv leviton 86003 san020/013
1109415;78477086933;1 gang outletpltwh leviton 88003 san20/san001
1155728;78477088838;1 gang toggle plate ivory leviton 80701-00i san R11/021
1845368;78477098240;1 gang toggle plate White leviton 80701-00w sanr12/R02
582388;78477086902;1 gangswtchplateiv leviton 86001 san013/020
1357442;28905042376;1 hndle kitchen w/deck spray aqu 0423700a
550672;7505576013216;1 hook, 4 position, beige 1pcs per package
550673;750557601143;1 hook, 4 position, Black 1pcs per package
550674;750557601112;1 hook, 4 position, White 1pcs per package
3001639;793573043436;1 hott sauce
1357444;29069750145;1 in binder ring-bulk m hy-ko kb118
2506652;718103168786;1 in Black simply view binder
2000337;603912189858;1 in the twat 1 in the tush (d)
2506653;718103168779;1 in White simply view binder
1845369;87115310255;1 lampholder w/rd.cover bwf lhc-1v
297101;793573875471;1 lb of raw cocoa Butter by halaleveryday
2013640;82658270035;1 Line ip phone with display, poe, pc port
879498;37155942824;1 mip 3/4 fip bushng
2001070;820891601816;1 Night in Paris-DVD
1357445;3303430429067;1 of switch in1000/ 2500 (visu v160/250-ns100/ 42906
2275016;9556775009133;1 ply buku bil 80s
2013643;757120890003;1 port 60ghz wireless hdmi kit g1
2013645;82658128343;1 port adsl hwic w/annex m
2013648;32938032433;1 port adsl2+ annex a Mini physical interface module
2013649;46320730838;1 port enh atm oc3c/stm1 multimode port
2013650;46320730920;1 port enh atm oc3c/stm1 singlemode (ir) port adapter
1357447;38561306101;1 pressure 45' elbow 30610
1357448;38561307108;1 pressure 90' elbow 30710
1357449;38561301588;1 pressure cap 30158
1357450;38561303100;1 pressure female adapt 30310
1357451;38561304107;1 pressure male adapter 30410
1357452;38561314106;1 pressure tee 31410
1357453;601078087704;1 ring inflatable po
1845384;5000167114881;1 s&g girligo moisturising Body 230ml
1845385;5000167114911;1 s&g slimwear cellulite Body Gel 190ml
2506655;899792001117;1 second slicer (tm)
331326;705002060020;1 SHOT CHROMO Flow REDUCER 32OZ
3001640;709893010003;1 slice hard salami 2 slices provolone Cheese
181511;25725022823;1 Star White tennis balls
2013653;742709347184;1 tb swap hdd for ix4-200d/4tb (seagate barracuda lp)
2506659;4250078184652;1 to 4 USB 3.0 hub
879505;53885105452;1 tuch gluc mtr
2506660;77711013186;1 wht ew ezd ring binder
3001641;32251174230;1 wow!, lollipop bouquet
1357456;19442152116;1 x cl Black pipe nipple 300 1xcl
1357457;19442152857;1 x cl galvanized pipe nipple 301 1xcl
550677;22735620032;1 year Old (boy)
550678;22735620049;1 year Old (girl)
3001642;9859332301603;1 конструктор гонка 125 деталей
3001643;9859332302013;1 конструктор гонка102 детали
1357477;3303430280569;1 размык. контакт с игнал. (ns80н) compact ns 28056
550686;3303430326052;1 размык.конт.сигна л. (ns400/630) compact ns 32605
550685;3303430293453;1 размык.конт.сигна лиз. ns100/250 compact ns 29345
1357478;3303430055518;1 стойка для сбор ной рамы, prisma gk ш=21 05551
2275017;5000394071704;1 час cef14 1
2275018;5000394971707;1 час cef14 1 #2
399993;4045787141481;1 шв осис бархатн.Крем для создан.локонов 150мл curl me Soft = bouncy curls
1357479;42928004494;1# 1 1/2inch 4d common Nail Bright 0053098
1357480;42928006078;1# 1 1/2inch 4d finish Nail Bright smooth 0058098
1357481;42928009116;1# 1 1/2inch fence staple galv 787-3581 0050098
1357482;42928007891;1# 1 1/2inch roofing Nail galv 427-2738 0069098
1357483;42928010730;1# 1 1/2inch x 9inch joist hanger Nail galv 372-3228 0096098
1357484;42928006030;1# 1 1/4inch 3D finish 348-2015 Nail Bright 0058078
1357485;42928007853;1# 1 1/4inch roofing Nail galv 537-8401 0069078
1357486;42928007938;1# 1 3/4inch roofing Nail galv 170-4659 0069118
1357487;42928006924;1# 1 3/8inch 4d coated sinker smooth 0065098
1357488;42928102732;1# 1 5/8inch drywall Nail ring shank 0061108
1357489;42928007006;1# 1 7/8inch 6d coated sinker smooth 0065138
1357490;42928007815;1# 1inch roofing Nail galv 0069058
1357491;42928004623;1# 2 1/2inch 8d common Nail Bright 986-6377 0053158
1357492;42928001660;1# 2 1/2inch 8d deck Nail spiral galv 0010158
1357493;42928006191;1# 2 1/2inch 8d finish Nail Bright smooth 0058158
1357494;42928007082;1# 2 3/8inch 8d coated sinker smooth 0065158
1357495;42928007129;1# 2 7/8inch 10d coated sinker smooth 0065178
1357496;42928004548;1# 2inch 6d common Nail Bright 0053138
1357497;42928006153;1# 2inch 6d finish Nail Bright smooth 695-1156 0058138
1357498;42928007976;1# 2inch roofing Nail galv 110-3522 0069138
1357499;42928006788;1# 3 1/2inch 16d casing Nail galv 0063198
1357500;42928004746;1# 3 1/2inch 16d common Nail Bright 678-8343 0053198
1357501;42928001752;1# 3 1/2inch 16d deck Nail spiral galv 0010198
1357502;42928007204;1# 3 1/4inch 16d coated sinker smooth 0065198
1357503;42928007242;1# 3 1/4inch 20d coated sinker smooth 0065208
1357504;42928138083;1# 3/4inch x 3/16inch poultry net staple 975-0928 0051038
1357505;42928004661;1# 3inch 10d common Nail Bright 0053178
1357506;42928001707;1# 3inch 10d deck Nail spiral galv 0010178
1357507;42928008843;1# 3inch 16d scaffold Nail duplex 238-9765 0077198
1357508;42928004784;1# 4inch 20d common Nail Bright 0053208
990124;76694000015;1# durhams Water putty 636-7379
2013659;81942125631;"1# Gold coat nails 10d (0.148"") x 1-1/2inch n10-gc"
2013660;81942126843;"1# Gold coat nails 10d (0.148"") x 1-1/2inch n10-gc #2"
1066033;81942125556;"1# Gold coat nails 10d common (0.148"") x 3inch"
2013661;81942126836;"1# Gold coat nails 10d common (0.148"") x 3inch n10c-gc"
1066045;81942125655;"1# Gold coat nails 16d common (0.162"") x 3-1/2inch"
2013662;81942126850;"1# Gold coat nails 16d common (0.162"") x 3-1/2inch n16c-gc"
2013663;81942125594;"1# Gold coat nails 8d (0.131"") x 1-1/2inch n8-gc"
2013664;81942126874;"1# Gold coat nails 8d (0.131"") x 1-1/2inch n8-gc #2"
879513;701411099989;1# granular Shock 68%
2769228;407030041124;1# ground Turkey 12/1#
1357510;89342108124;1# rco mole + gopher patrol mp-4
1357511;28905710855;1# stainless putty p plc 7108500n
879514;37504189023;1#fh sds w/wng 1/4x2-3/4
2506664;15400932622;1% - ridleys wf 1 gal
2506665;15400932660;1% - ridleys wf 1/2 gal
881256;243850274034;1% bl hydr 1oz
883624;243850032016;1% bl tol 5oz
3001644;79117125258;1% Light low fat Milk
3001645;79117126262;1% Light Milk
3001646;11110505835;1% low fat chocolate Milk
3001647;70852991511;1% low fat chocolate Milk #2
3001648;79476016303;1% low fat chocolate Milk #3
3001649;605388187345;1% low fat chocolate Milk #4
3001650;70876000237;1% low fat cottage Cheese
3001651;813868020253;1% low fat Cow Milk
3001729;28300019300;1% low fat mmmmilk
3001730;811620021418;1% low fat Ultra-filtered Milk
3001731;70552404175;1% low fat yogurt
3001732;72050301321;1% Milk
3001733;717544205074;1% Milk fat chocolate low fat Milk
3001734;717544204817;1% Milk fat low fat Milk
3001735;36800343283;1% milkfat chocolate low fat Milk
3001736;41303024928;1% milkfat low fat cottage Cheese
3001737;26400416685;1% milkfat low fat Milk
3001739;21140297266;1% milkfat low fat Milk #2
3001740;18894303251;1% milkfat low fat Milk #3
3001741;18894303367;1% milkfat low fat Milk #4
3001742;41380847069;1% milkfat low fat Milk #5
3001743;99482440817;1% milkfat low fat Milk #6
1471556;71481023000;1% milkfat low fat small curd cottage Cheese
3001744;70552404144;1% milkfat low fat yogurt, calcium fortified
3001745;742365264658;1% Organic low fat Milk
3001746;742365004032;1% Organic low fat Milk #2
1357517;70472190134;1% qt.
3001747;893597002676;1% reduced sugar Milk
550703;6261004016716;1&1 mint Water 330ml
2769227;37103450791;1' One piece steel rule
1360730;52837020058;1'msrng whl w/tel hd amt dc ksn rr112
1360773;51643851092;1'x15' 750# cam tie down 85109 keeper 600# 51200
331327;839318000521;1+1=3 Cava Brut Glass 750ml
2769607;839318000606;1+1=3 glass 1.5 l
1358655;45081100119;1-1 mailbox *Silver* rural 692-8287 fulton
1358668;885911026338;1-1/16inch dp Impact socket 1/2inch dr.Black&decker dewalt dw22952
1358671;19442148270;1-1/2 45' elbow galvanized 311 e45-112
1358672;19442147020;1-1/2 90' elbow Black 310 e90-112
1358673;19442148379;1-1/2 90' elbow galvanized 311 e90-112
1358674;19442147518;1-1/2 90' street elbow Black 310 se90-112
1358675;19442149017;1-1/2 90' street elbow galvanized 311 se90-112
1358676;19442146788;1-1/2 cap Black 310 ca-112
1358677;19442148058;1-1/2 cap galvanized 311 ca-112
1845774;784610120043;1-1/2 cond hgr w/bolt min 4b
1358678;19442058173;1-1/2 coupling Black steel 316-mco-112
1358679;19442058227;1-1/2 coupling galvnized steel 317-mco-112
1358680;19442033835;1-1/2 cross galvanized 311 cr-112 689-8019
1845775;784610120036;1-1/2 emt hgr w/bolt min 3b
1845776;784610561754;1-1/2 emt jiffy clip min med75
1368901;19442257101;1-1/2 flexcoupling pcx56-150 808-156-150
1845777;784610561808;1-1/2 pipe jiffy clip min med80
1358681;19442147198;1-1/2 plug Black sq hd 310 p-112
1358682;19442148560;1-1/2 plug galvanized sq hd 311 p-112
1358683;38561306156;1-1/2 pressure 45' elbow 30615
1358684;38561307153;1-1/2 pressure 90' elbow 30715
1358685;38561301519;1-1/2 pressure cap 30151
1358686;38561303155;1-1/2 pressure female adapter 30315
1358687;38561304152;1-1/2 pressure male adapter 30415
1358688;38561314151;1-1/2 pressure tee 31415
1845778;34481024972;1-1/2 pvc 2h strp 5/bg Thomas&betts e977hc-ctn
1845779;34481065456;1-1/2 pvc lb condlt Thomas&betts e986hr/e986h-ctn
1845780;50169009260;1-1/2 stl ceiling outlet bx Hubbell Raco 926
1358689;19442147617;1-1/2 tee Black 310 t-112
1358690;19442149116;1-1/2 tee galvanized 311 t-112
1358691;19442147716;1-1/2 union Black 310 u-112
1358692;19442149215;1-1/2 union galvanized 311 u-112
1358693;19442152482;1-1/2 x cl galvanized pipe nipple 301 112xcl
1358694;755625132529;1-1/2# campaxe 14inch hik handle trp 30514/30332
1358695;45081101512;1-1/2-1 mailbox *Silver* 650-0078 fulton
1358696;45081101529;1-1/2c-blk mailbox *Black* 650-0144 fulton
1845781;87115759252;1-1/2clmp typ ser hd bwf 184v
3003140;848166005121;1-1/2inch - 4inch timber bolt 30шт
1845782;51411261559;1-1/2inch 1h emt strap 2bag halex 26155
1845783;51411261252;1-1/2inch 2h pipe strap 2bag halex 26125
1845784;34481196303;1-1/2inch 45 dgelbsh40 Thomas&betts ua7ahb-car
1358697;51411792152;1-1/2inch 45~ belled pvc elbow conduit sch 40 79215
1358698;51411791155;1-1/2inch 90~ pvc conduit elbow sch 40 79115
2770006;20418075681;1-1/2inch anchor shackle, bolt type, forged carbon steel, galvanized, bulk
2770007;20418076435;1-1/2inch anchor shackle, screw pin, forged carbon steel, galvanized, bulk
2770008;20418076428;1-1/2inch anchor shackle, screw pin, forged carbon steel, painted Blue, bu
1358699;28905763851;1-1/2inch basin cup strainer p plc 7638500n
1358700;28905751247;1-1/2inch basin stopper p plc 7512400t
1358702;82472300246;1-1/2inch bi-met hole saw lnx 30024-24l
1358703;749694959934;1-1/2inch corner brace 95993-f Ultra hardware 61121
1358704;749694960442;1-1/2inch corner iron 96044-f Ultra hardware 61126
1845786;51411261658;1-1/2inch emt 2h strap 2bag halex 26165
1845787;34481062455;1-1/2inch female adpt Thomas&betts e942hr-ctn
1358705;92334200126;1-1/2inch flex mtl putty knif p tec te20-012
1358706;19442149543;1-1/2inch floor flange *galv* 311 f-112
1358707;19442147129;1-1/2inch floor flange Black 310 f-112
1358708;84100002461;1-1/2inch Gold #0 md hy-ko gr-10/0
1358709;84100002478;1-1/2inch Gold #1 md hy-ko gr-10/1
1358710;84100002485;1-1/2inch Gold #2 md hy-ko gr-10/2
1358711;84100002492;1-1/2inch Gold #3 md hy-ko gr-10/3
1358712;84100002508;1-1/2inch Gold #4 md hy-ko gr-10/4
1358713;84100002515;1-1/2inch Gold #5 md hy-ko gr-10/5
1358714;84100002522;1-1/2inch Gold #6 md hy-ko gr-10/6
1358715;84100002539;1-1/2inch Gold #7 md hy-ko gr-10/7
1358716;84100002546;1-1/2inch Gold #8 md hy-ko gr-10/8
1358717;84100002553;1-1/2inch Gold #9 md hy-ko gr-10/9
1358718;84100002430;1-1/2inch Gold 'comma' dm hy-ko gr-10/
1358745;84100002454;1-1/2inch Gold 'period' dm hy-ko gr-10/.
1358719;84100002560;1-1/2inch Gold letter a md hy-ko gr-10/a
1358720;84100002577;1-1/2inch Gold letter b md hy-ko gr-10/b
1358721;84100002591;1-1/2inch Gold letter c md hy-ko gr-10/c
1358722;84100002607;1-1/2inch Gold letter d md hy-ko gr-10/d
1358723;84100002614;1-1/2inch Gold letter E md hy-ko gr-10/e
1358724;84100002621;1-1/2inch Gold letter f md hy-ko gr-10/f
1358725;84100002638;1-1/2inch Gold letter g md hy-ko gr-10/g
1358726;84100002645;1-1/2inch Gold letter h md hy-ko gr-10/h
1358727;84100002652;1-1/2inch Gold letter i md hy-ko gr-10/i
1358728;84100002669;1-1/2inch Gold letter j md hy-ko gr-10/j
1358729;84100002676;1-1/2inch Gold letter k md hy-ko gr-10/k
1358730;84100002683;1-1/2inch Gold letter l md hy-ko gr-10/l
1358731;84100002690;1-1/2inch Gold letter m md hy-ko gr-10/m
1358732;84100002706;1-1/2inch Gold letter n md hy-ko gr-10/n
1358733;84100006216;1-1/2inch Gold letter o md hy-ko gr-10/o
1358734;84100002713;1-1/2inch Gold letter p md hy-ko gr-10/p
1358735;84100002720;1-1/2inch Gold letter q md hy-ko gr-10/q
1358736;84100002737;1-1/2inch Gold letter r md hy-ko gr-10/r
1358737;84100002744;1-1/2inch Gold letter s md hy-ko gr-10/s
1358738;84100002751;1-1/2inch Gold letter t md hy-ko gr-10/t
1358739;84100002768;1-1/2inch Gold letter u md hy-ko gr-10/u
1358740;84100002775;1-1/2inch Gold letter v md hy-ko gr-10/v
1358741;84100002782;1-1/2inch Gold letter w md hy-ko gr-10/w
1358742;84100002799;1-1/2inch Gold letter x md hy-ko gr-10/x
1358743;84100002805;1-1/2inch Gold letter y d md hy-ko gr-10/y
1358744;84100002812;1-1/2inch Gold letter z md hy-ko gr-10/z
1358746;74523073841;1-1/2inch gripper pads dm k-f 7384
991017;20418193385;1-1/2inch heavy duty pulley, double sheave, rigid Eye, steel, upc tagged
991021;20418193392;1-1/2inch heavy duty pulley, single sheave, rigid Eye, steel, upc tagged
1582070;20418193361;1-1/2inch heavy duty pulley, single sheave, swivel Eye, steel, upc tagged
1623128;20418300028;1-1/2inch heavy duty pulley, wall / ceiling mount, steel, upc tagged
1358747;28905767071;1-1/2inch j-bend plastic p plc 7670700n
880271;718654004649;1-1/2inch l 100 mesh vuflow elmnt
880272;718654004687;1-1/2inch l 24 mesh vuflow elemnt
880273;718654001877;1-1/2inch l vuflow assembly
880274;25528137502;1-1/2inch l vuflow cover
2770009;37103034540;1-1/2inch large reflector for 6966c industrial Heat gun
1845788;51411961954;1-1/2inch locknut 2bag halex 96195
1358748;74523070932;1-1/2inch md felt pads d k-f 7093
1845789;51411635152;1-1/2inch n.t. comp connector halex 63515
1358749;74523071939;1-1/2inch oatmeal felt pad nm k-f 7193
1358750;78555581893;1-1/2inch plas knob blk bel p818-bl
1358751;78555581442;1-1/2inch plas knob White bel p814-w
1845791;14759008989;1-1/2inch plastic desk grommet blk be-012-blk
1845792;14759009573;1-1/2inch plastic desk grommet blk be-012-wht
1358752;35965062671;1-1/2inch plastic putty knife d npr 6267
1358754;38561329155;1-1/2inch pressure 90 st elbow genova 32915
1358755;38561301151;1-1/2inch pressure coupling 30115
1358756;38561372151;1-1/2inch pressure union 37215
1845793;34481196211;1-1/2inch pvc 90deg ell sch40 Thomas&betts ua9ahb-ctn
1358757;51411736156;1-1/2inch pvc conduit coupling sch 40 73615
1845794;34481061052;1-1/2inch pvc couplng Thomas&betts e940hr-ctn
1358758;51411786151;1-1/2inch pvc lb conduit Body sch 40 78615
1358759;51411735159;1-1/2inch pvc male conduit adapter sch 40 73515
1845795;34481062059;1-1/2inch pvctermadpt Thomas&betts e943hr-ctn
1845796;87115750259;1-1/2inch slb ent ells bwf 504v
1358760;92334200119;1-1/2inch stiff mtl putty knife p tec te20-011
2770010;20418211867;1-1/2inch strap loop
880275;718654000306;1-1/2inch t 24 vuflow elmnt
880276;718654000269;1-1/2inch t Element 100 mesh
880277;718654009750;1-1/2inch tee vuflow assembly
1358761;764666174047;1-1/2inch ths fltd masn Nail 1# pac 112tfmas1
2013907;81942135982;1-1/2inch wire brush 7chcb-112
2013908;81942139362;1-1/2inch wire brush 7chcb-112 #2
2770011;20418100048;1-1/2inch wire rope clip, forged carbon steel, galvanized
1358762;51779131204;1-1/2inch Wood chisel pdm k-r 13120
3003141;81942138600;1-1/2inch x 0.131 hardened teco (Bright)
3003142;81942140177;1-1/2inch x 0.131 hardened teco (Bright) #2
3003143;81942137627;1-1/2inch x 0.131 hdg smooth teco
3003144;81942138556;1-1/2inch x 0.131 hdg smooth teco #2
3003145;81942140023;1-1/2inch x 0.131 hdg smooth teco #3
3003146;81942140122;1-1/2inch x 0.131 hdg smooth teco #4
3003147;81942137672;1-1/2inch x 0.131 teco (Bright)
3003148;81942140078;1-1/2inch x 0.131 teco (Bright) #2
3003149;81942138624;1-1/2inch x 0.148 hardened teco (Bright)
3003150;81942140191;1-1/2inch x 0.148 hardened teco (Bright) #2
3003151;81942137641;1-1/2inch x 0.148 hdg smooth teco
3003152;81942138570;1-1/2inch x 0.148 hdg smooth teco #2
3003153;81942140047;1-1/2inch x 0.148 hdg smooth teco #3
3003154;81942140146;1-1/2inch x 0.148 hdg smooth teco #4
3003155;81942137696;1-1/2inch x 0.148 teco (Bright)
3003156;81942140092;1-1/2inch x 0.148 teco (Bright) #2
1358763;754826044532;1-1/2inch x 10' conduit**pvc*** 855-1061 #150 sch 40
1358764;28905767286;1-1/2inch x 12inch slip Joint ext p plc 7672800n
1358765;28905767309;1-1/2inch x 16inch c.o. waste plasp plc 7673000n
2770012;20418087899;1-1/2inch x 18inch jaw&jaw turnbuckle, forged carbon steel, galvanized, bulk
1845798;51411268534;1-1/2inch x 1inch r.w. 4bag halex 26853
2770013;20418163890;1-1/2inch x 24inch jaw&jaw turnbuckle, forged carbon steel, galvanized, bulk
1358766;28905767200;1-1/2inch x 6inch Tail piece plas p plc 7672000n
1358767;19442176709;1-1/2x1 hex bushing Black 310 b-1121
1358768;19442147792;1-1/2x1 hex bushing galvanized 311 b-1121
1358769;19442148577;1-1/2x1 reduce coupling galvanized 311 rc-1121
1358772;19442147808;1-1/2x1-1/4 hex bushing galvanized 311 b-112114
1358773;38561302547;1-1/2x1-1/4 pressure reducing bushing 30254
1358774;38561343540;1-1/2x1-1/4 pressure reducing bushing threaded 34354
1358775;19442148584;1-1/2x1-1/4 reduce coupling 311 rc-112114 galvanized
1358770;19442147815;1-1/2x1/2 hex bushing galvanized 311 b-11212
1358771;19442151225;1-1/2x10 galvanized pipe nipple 303 112x10
1358776;19442151249;1-1/2x12 galvanized pipe nipple 303 112x12
1358777;19442152376;1-1/2x2 galvanized pipe nipple 301 112x2
1358778;19442152383;1-1/2x2-1/2 galvanized pipe nipple 301 112x212
1845799;51411628000;1-1/2x2-1/2 Nail plate halex 62800
1358779;19442152390;1-1/2x3 galvanized pipe nipple 301 112x3
1358782;19442152413;1-1/2x3-1/2 galvanized pipe nipple 301 112x312
1358780;19442147822;1-1/2x3/4 hex bushing galvanized 311 b-11234
1358781;19442148607;1-1/2x3/4 reduce coupling galvanized 311 rc-11234
1358783;19442152420;1-1/2x4 galvanized pipe nipple 301 112x4
1358784;19442152437;1-1/2x4-1/2 galvanized pipe nipple 301 112x412
1358785;19442152444;1-1/2x5 galvanized pipe nipple 301 112x5
1358786;19442152468;1-1/2x5-1/2 galvanized pipe nipple 301 112x512
1358787;19442152475;1-1/2x6 galvanized pipe nipple 301 112x6
1358789;19442151263;1-1/2x7 galvanized pipe nipple 303 112x7
1358790;28905767095;1-1/2x8 d/w tailpiece plasp plc 7670900n
1358791;19442151270;1-1/2x8 galvanized pipe nipple 303 112x8
1845800;87115731203;1-1/4 1-1/2cover only bwf sc-4v
1358793;19442147778;1-1/4 45' elbow Black 310 e45-114
1358794;19442148287;1-1/4 45' elbow galvanied 311 e45-114
1358795;19442148966;1-1/4 45' street elbow galvanized 311 se45-114
1358796;19442148386;1-1/4 90' elbow galvanized 311 e90-114
1358797;19442147525;1-1/4 90' street elbow Black 310 se90-114
1358798;19442149024;1-1/4 90' street elbow galvanized 311 se90-114
1358799;19442146795;1-1/4 cap Black 310 ca-114
1358800;19442148065;1-1/4 cap galvanized 311 ca-114
1845801;87115759207;1-1/4 clmp typ ser hd bwf 183v
1358801;19442058166;1-1/4 coupling Black steel 316-mco-114
1358802;19442058210;1-1/4 coupling galvnized steel 317-mco-114
1358803;19442935535;1-1/4 cross galvanized 311 cr-114
1845802;784610120258;1-1/4 emt hgr w/bolt min 2-1/2b
1845803;784610401654;1-1/4 emt jiffy clip min 165
1368900;19442257057;1-1/4 flex couplng pcx56-125 808-156-125
1358804;51411786120;1-1/4 lb conduit Body 78612
1845804;784610401708;1-1/4 pipe jiffy clip min 170
1358805;19442147204;1-1/4 plug Black sq hd 310 p-114
1358806;19442148478;1-1/4 plug galvanized sq hd 311 p-114
1358807;38561306149;1-1/4 pressure 45' elbow 30614
1358808;38561307146;1-1/4 pressure 90' elbow 30714
1358809;38561301595;1-1/4 pressure cap 30159
1358810;38561303148;1-1/4 pressure female adapter 30314
1358811;38561304145;1-1/4 pressure male adapter 30414
1358812;38561002782;1-1/4 pressure plug (mip 31814
1358813;38561314144;1-1/4 pressure tee 31414
1845805;34481024965;1-1/4 pvc 2h strp 5/bg Thomas&betts e977gc-ctn
1358814;51411791124;1-1/4 pvc condiut 90 el 79112
1358815;51411792121;1-1/4 pvc conduit 45 el 79212
1358816;51411739126;1-1/4 pvc conduit adapter female 73912
1358817;51411735128;1-1/4 pvc conduit adapter male 73512
1358818;51411736125;1-1/4 pvc conduit couple 73612
1845806;34481207573;1-1/4 pvc lb condlt Thomas&betts E 986g-ctn
1358819;51411779122;1-1/4 service entrance cap 77912
1845807;34481111009;1-1/4 t condulet Thomas&betts E 983g-car
1358820;19442149123;1-1/4 tee galvanized 311 t-114
1358821;19442147723;1-1/4 union Black 310 u-114
1358822;19442149222;1-1/4 union galvanized 311 u-114
1358823;19442152611;1-1/4 x cl galvanized pipe nipple 301 114xcl
3003157;81942141631;1-1/4-in x 12-in w/ 4-in embed, 16ga
3003158;81942141716;1-1/4-in x 12-in w/ 4-in embed, 16ga #2
3003159;81942146223;1-1/4-in x 12-in w/ 4-in embed, 16ga #3
3003160;81942147275;1-1/4-in x 12-in w/ 4-in embed, 16ga #4
3003161;81942141679;1-1/4-in x 12-in w/ 4-in embed, 18ga
3003162;81942147237;1-1/4-in x 12-in w/ 4-in embed, 18ga #2
3003163;81942141648;1-1/4-in x 16-in w/ 4-in embed, 16ga
3003164;81942141723;1-1/4-in x 16-in w/ 4-in embed, 16ga #2
3003165;81942146230;1-1/4-in x 16-in w/ 4-in embed, 16ga #3
3003166;81942147282;1-1/4-in x 16-in w/ 4-in embed, 16ga #4
3003167;81942141686;1-1/4-in x 16-in w/ 4-in embed, 18ga
3003168;81942147244;1-1/4-in x 16-in w/ 4-in embed, 18ga #2
3003169;81942141655;1-1/4-in x 20-in w/ 4-in embed, 16ga
3003170;81942141693;1-1/4-in x 20-in w/ 4-in embed, 16ga #2
3003171;81942141730;1-1/4-in x 20-in w/ 4-in embed, 16ga #3
3003172;81942146247;1-1/4-in x 20-in w/ 4-in embed, 16ga #4
3003173;81942147251;1-1/4-in x 20-in w/ 4-in embed, 16ga #5
3003174;81942147299;1-1/4-in x 20-in w/ 4-in embed, 16ga #6
3003175;81942141662;1-1/4-in x 42-1/2-in w/ 4-in embed, 16ga
3003176;81942141747;1-1/4-in x 42-1/2-in w/ 4-in embed, 16ga #2
3003177;81942146254;1-1/4-in x 42-1/2-in w/ 4-in embed, 16ga #3
3003178;81942147305;1-1/4-in x 42-1/2-in w/ 4-in embed, 16ga #4
3003179;81942141624;1-1/4-in x 8-in w/ 4-in embed, 16ga
3003180;81942141709;1-1/4-in x 8-in w/ 4-in embed, 16ga #2
3003181;81942146216;1-1/4-in x 8-in w/ 4-in embed, 16ga #3
3003182;81942147268;1-1/4-in x 8-in w/ 4-in embed, 16ga #4
880278;82901281269;1-1/4inch 1/2 dr.dp skt
1845808;51411261542;1-1/4inch 1h emt strap 4bag halex 26154
1845809;51411261245;1-1/4inch 2h pipe strap 4bag halex 26124
1845810;34481196297;1-1/4inch 45 dgelbsh40 Thomas&betts ua7agb-car
1845811;34481196204;1-1/4inch 90 deg sch40 Thomas&betts ua9agb-ctn
2770020;20418182174;1-1/4inch alloy anchor shackle, screw pin, forged alloy, galvanized, bulk
2770021;20418075643;1-1/4inch anchor shackle, bolt type, forged carbon steel, galvanized, bulk
2770022;20418076398;1-1/4inch anchor shackle, screw pin, forged carbon steel, galvanized, bulk
2770023;20418076381;1-1/4inch anchor shackle, screw pin, forged carbon steel, painted Blue, bu
1358824;28905751223;1-1/4inch basin stopper p plc 7512200t
2770024;20418078972;1-1/4inch cam-alloy foundry hook, grade 80, painted Orange, bulk
1358826;33923833875;1-1/4inch clstrod 6' orb d sth s833-871
1358827;33923833882;1-1/4inch clstrod 8inch orb d sth s833-889
1358828;764666103016;1-1/4inch coarse dw scr 1# pac 114cdws1
1358829;885911026352;1-1/4inch dp Impact socket 1/2inch dr.Black&decker dewalt dw22972
1358830;76174050059;1-1/4inch Electric Nail gun stanley tre650
1845812;51411261641;1-1/4inch emt 2h strap 4bag halex 26164
2770025;20418069987;1-1/4inch Eye&Eye swivel, drop forged carbon steel, galvanized
1358831;19442149536;1-1/4inch floor flange *galv* 311 f-114
1358832;19442147136;1-1/4inch floor flange Black 310 f-114
2770026;20418063534;1-1/4inch grade 80 cam-alloy chain, Bright, 60' per drum
1845813;40892298802;1-1/4inch hub mur rx125
1358835;28905767576;1-1/4inch j-bend plastic p plc 7675700
2770027;20418070075;1-1/4inch jaw&Eye swivel, drop forged carbon steel, galvanized
1845814;87115754202;1-1/4inch ll w/c&g bwf 203-cgv
1845815;51411961947;1-1/4inch locknut 2bag halex 96194
2007119;669729410011;1-1/4inch metal c ring
1845816;51411635121;1-1/4inch n.t. comp connector halex 63512
1358839;28905767507;1-1/4inch p-trap plastic p plc 7675000
1845817;51411275297;1-1/4inch plas ins bush 2bag halex 27529
1358836;38561329148;1-1/4inch pressure 90 st elbow genova 32914
1358837;38561301144;1-1/4inch pressure coupling 30114
1358838;38561372144;1-1/4inch pressure union 37214
1358841;35965145619;1-1/4inch putty knife-flex dp qlt pk741f
1358842;35965145602;1-1/4inch puty knife-stiff dp qlt pk740s
1845818;34481061045;1-1/4inch pvc couplng Thomas&betts E 940g-ctn
1845819;34481062448;1-1/4inch pvc f/madpt Thomas&betts E 942g-ctn
1845820;34481062042;1-1/4inch pvctermadpt Thomas&betts E 943g-ctn
2770028;20418080074;1-1/4inch quik-alloy coupling link, grade 80, painted Orange, bulk
1358844;28905767514;1-1/4inch s-trap plastic p plc 7675100
1845821;87115710208;1-1/4inch slb ent ells bwf 503v
1358843;28905751865;1-1/4inch slip Joint wshr (4) p plc 7518600n
2770029;20418211850;1-1/4inch strap loop
1358845;722793029050;1-1/4inch tc grit hole saw CD ad Art 02905
2770030;20418100031;1-1/4inch wire rope clip, forged carbon steel, galvanized
1358846;51779131181;1-1/4inch Wood chisel pdmi k-r 13118
1358848;28905767088;1-1/4inch x 1-1/2inch s-trap plas p plc 7670800n
1845822;51411968410;1-1/4inch x 1/2inch r.w. 2bag halex 96841
1358847;754826044525;1-1/4inch x 10' conduit**pvc*** 855-1004 sch 40
2013909;67376005015;1-1/4inch x 12inch ja1212
2013910;67376905018;1-1/4inch x 12inch ja1212 #2
2770031;20418087592;1-1/4inch x 12inch jaw&Eye turnbuckle, forged carbon steel, galvanized, bulk
2770032;20418087851;1-1/4inch x 12inch jaw&jaw turnbuckle, forged carbon steel, galvanized, bulk
1358849;28905767569;1-1/4inch x 12inch tailpiece plas p plc 7675600
2770033;20418087264;1-1/4inch x 18inch Eye&Eye turnbuckle, forged carbon steel, galvanized, bulk
2013911;67376005022;1-1/4inch x 18inch ja1218
2013912;67376905025;1-1/4inch x 18inch ja1218 #2
2770034;20418087868;1-1/4inch x 18inch jaw&jaw turnbuckle, forged carbon steel, galvanized, bulk
1845823;51411968434;1-1/4inch x 1inch r.w. 2bag halex 96843
2013913;81942139546;1-1/4inch x 24inch ja1224
2770035;20418087875;1-1/4inch x 24inch jaw&jaw turnbuckle, forged carbon steel, galvanized, bulk
1845824;51411968427;1-1/4inch x 3/4inch r.w. 2bag halex 96842
1358850;51779902316;1-1/4inch x 33' big rig tape k-r 90231
1358851;811908010660;1-1/4inch x 36inch dwl-oak coral g cwp upco11436/d11436-o
2013914;67376005046;1-1/4inch x 36inch ja1236
2013915;81942139553;1-1/4inch x 36inch ja1236 #2
1358852;811908010134;1-1/4x 36inch dwl-hdwd f/grn ftd cwp upcr11436/dr11436b
1358853;811908010264;1-1/4x 48inch dwl-hdwd f/grn fdd cwp upcr11448/dr11448b
1358854;19442300623;1-1/4x1 90' reduce elbow galvanized 311 re-1141
1358855;19442146696;1-1/4x1 hex bushing Black 310 b-1141
1358856;19442147839;1-1/4x1 hex bushing galvanized 311 b-1141
1358857;38561343403;1-1/4x1 pressure reduce bushing threaded 34340
1358858;38561302400;1-1/4x1 pressure reducing bushing 30240
1358859;19442147310;1-1/4x1 reduce coupling Black 310 rc-1141
1358860;19442148614;1-1/4x1 reduce coupling galvanized 311 rc-1141
1358861;19442147846;1-1/4x1/2 hex bushing galvanized 311 b-11412
1358862;19442148621;1-1/4x1/2 reduce coupling galvanized 311 rc-11412
1358863;19442033712;1-1/4x1/4 hex bushing galvanized 311 b-11414
1358864;19442151294;1-1/4x10 galvanized pipe nipple 303 114x10
1358865;19442151317;1-1/4x11 galvanized pipe nipple 303 114x11
1358866;19442151324;1-1/4x12 galvanized pipe nipple 303 114x12
1358867;19442152499;1-1/4x2 galvanized pipe nipple 301 114x2
1358868;19442152512;1-1/4x2-1/2 galvanized pipe nipple 301 114x212
1358869;19442152529;1-1/4x3 galvanized pipe nipple 301 114x3
1358874;19442152536;1-1/4x3-1/2 galvanized pipe nipple 301 114x312
1358870;19442176686;1-1/4x3/4 hex bushing Black 310 b-11434
1358871;19442147860;1-1/4x3/4 hex bushing galvanized 311 b-11434
1358872;19442148638;1-1/4x3/4 reduce coupling galvanized 311 rc-11434
1358873;19442033729;1-1/4x3/8 hex bushing galvanized 311 b-11438
1358875;38453063204;1-1/4x36 Wood dowel 7320u 445-6810 forest Green
1358876;19442152543;1-1/4x4 galvanized pipe nipple 301 114x4
1358877;19442152567;1-1/4x4-1/2 galvanized pipe nipple 301 114x412
1358878;19442152574;1-1/4x5 galvanized pipe nipple 301 114x5
1358879;19442152581;1-1/4x5-1/2 galvanized pipe nipple 301 114x512
1358880;738287068023;1-1/4x6 blk int/drywal-coarse 6802 1/4 keg
1358881;19442152598;1-1/4x6 galvanized pipe nipple 301 114x6
1358882;19442151331;1-1/4x7 galvanized pipe nipple 303 114x7
1358883;19442151348;1-1/4x8 galvanized pipe nipple 303 114x8
1358884;19442151362;1-1/4x9 galvanized pipe nipple 303 114x9
1358885;74523067710;1-1/8 hd hi tips sand m k-f 6771
2770043;20418075629;1-1/8inch anchor shackle, bolt type, forged carbon steel, galvanized, bulk
2770044;20418076374;1-1/8inch anchor shackle, screw pin, forged carbon steel, galvanized, bulk
2770045;20418076367;1-1/8inch anchor shackle, screw pin, forged carbon steel, painted Blue, bu
1358886;82472300185;1-1/8inch bi-met hole saw lnx 30018-18l
1358889;885911026345;1-1/8inch dp Impact socket 1/2inch dr.Black&decker dewalt dw22962
1358890;74523071892;1-1/8inch gld w/oatmeal flt dn k-f 7189
2770046;20418091803;1-1/8inch heavy wire rope thimble, galvanized
1358891;74523067697;1-1/8inch hi-tips White pdnm k-f 6769
1358892;74523070024;1-1/8inch Super sliders pdm k-f 7002n
2013916;81942135968;1-1/8inch wire brush 7chcb-118
2013917;81942139379;1-1/8inch wire brush 7chcb-118 #2
2770047;20418100024;1-1/8inch wire rope clip, forged carbon steel, galvanized
3003183;81942146957;1-1/8inch x 72inch all thread rod
1358893;811908010127;1-1/8x 36inch dwl-hdwd pnk fdtdg cwp upcr11836/dr11836b
1358894;811908010257;1-1/8x 48inch dwl-hdwd pnk ddg cwp upcr11848/dr11848b
1358895;38453063181;1-1/8x36 Wood dowel 7318u 445-6869 pink
1358920;74523070031;1-11/16inch Super sliders pdnm k-f 7003n
1358987;738287036992;1-14 finished hex nut zinc 03699 Fine-10 ct
2013977;9789666721382;1-2 кл. сложение и вычитание в пределах 100 - математические разминки
2013978;9789666721368;1-2 кл. сложение и вычитание в пределах 20 - математические разминки
3003241;12005000527;1-2-3 100% canola Oil
3003242;12005000596;1-2-3 100% canola Oil #2
551122;182566000035;1-2-3 gluten free allie's awesome buckwheat pancakes
551117;182566000134;1-2-3 gluten free deliriously delicious devil's Food chocolate cake Mix
551114;182566000004;1-2-3 gluten free southern glory Light&fluffy biscuits
551113;182566000011;1-2-3 gluten free sweet goodness sugar 'n Spice panbars
551116;182566000103;1-2-3 gluten free, divinely decadent, silky&Rich brownies baking Mix
2506651;12005000589;1-2-3 Pure corn Oil
1359245;12005000091;1-2-3 sunflowr Oil 16.9oz
1357709;12005000077;1-2-3 sunflowr Oil 33.3oz
3003243;12005000541;1-2-3 vegetable Oil
1845931;46135482311;1-22w circleline ballast sat s5272
1359516;82472300192;1-3/16inch bi-met hole saw lnx 30019-19l
1359520;78555775001;1-3/16inch spooled knob pol ch bel p14402-26
1359521;37103222923;1-3/16inch x 25'power retrn tape lufkin xl8525
1359531;722793029074;1-3/4'tc grit hole saw CD ad Art 02907
2770367;20418075735;1-3/4inch anchor shackle, bolt type, forged carbon steel, galvanized, bulk
2770368;20418076466;1-3/4inch anchor shackle, screw pin, forged carbon steel, galvanized, bulk
2770369;20418076459;1-3/4inch anchor shackle, screw pin, forged carbon steel, painted Blue, bu
1359522;74523067925;1-3/4inch caster cup rnd pdnm k-f 6792
1359523;12382364175;1-3/4inch crimp end cup crs t vor 36417
1359524;12382364182;1-3/4inch crimp end cup Fine t vor 36418
1359525;74523065327;1-3/4inch cstr cup non-skiddnmp k-f 6532
1845969;14759008675;1-3/4inch direction finding blk bs-085
3003253;848166006470;1-3/4inch hex cap nut
1359526;71649309106;1-3/4inch lam padlock ka mas 2ka
1085877;71649305702;1-3/4inch lam padlock pc mas 1d
1359527;74523065297;1-3/4inch odx1-3/8inch id rnd pdnm k-f 6529
1845970;14759008996;1-3/4inch plastic desk grommet blk be-013-blk
1845971;14759009580;1-3/4inch plastic desk grommet blk be-013-wht
1359528;74523065280;1-3/4inch rnd alm caster cup d k-f 6528
1359529;74523067956;1-3/4inch spk rd caster cup dnm k-f 6795
1359530;39208976374;1-3/4inch steel Long shkl pdlk bri 152-44002
2770370;20418100055;1-3/4inch wire rope clip, forged carbon steel, galvanized
2770371;20418075667;1-3/8inch anchor shackle, bolt type, forged carbon steel, galvanized, bulk
2770372;20418076411;1-3/8inch anchor shackle, screw pin, forged carbon steel, galvanized, bulk
2770373;20418076404;1-3/8inch anchor shackle, screw pin, forged carbon steel, painted Blue, bu
1359532;70042771213;1-3/8inch ball finial Wood mahogany
1359533;27837634987;1-3/8inch ball finial Wood walnut
1359534;70042771183;1-3/8inch ball finial Wood White
1359535;82472300222;1-3/8inch bi-met hole saw lnx 30022-22l
1359536;70042771510;1-3/8inch bracket Wood mahogany
1359537;70042771503;1-3/8inch bracket Wood Natural
1359538;6157968;1-3/8inch bracket Wood walnut
1359539;27837635021;1-3/8inch bracket Wood walnut #2
1359540;70042771480;1-3/8inch bracket Wood White
1359543;27837634963;1-3/8inch camelot finial Wood walnut
1359544;70042771466;1-3/8inch clip rings Wood mahogany
1359545;70042771459;1-3/8inch clip rings Wood Natural
1359546;27837635403;1-3/8inch clip rings Wood walnut
1359547;70042771435;1-3/8inch clip rings Wood White
1359548;6120014;1-3/8inch harrision finial Wood walnut
1359549;27837634970;1-3/8inch harrision finial Wood walnut #2
1359550;70042771145;1-3/8inch medallion Wood finial mahogny
1359551;70042771244;1-3/8inch oak leaf Wood finial mahogany
1359552;764666160392;1-3/8inch pc drywall Nail 1# pac 138pcdw1
1359554;27837594144;1-3/8inch pumpkin finial Wood White
1359555;3944208;1-3/8inch reeded pole Wood 6' mahogany
1359556;70042771282;1-3/8inch reeded pole Wood 6' mahogany #2
1359557;27837634994;1-3/8inch reeded pole Wood 6' walnut
1359558;3939206;1-3/8inch reeded pole Wood 6' White
1359559;70042771251;1-3/8inch reeded pole Wood 6' White #2
1359560;70042771336;1-3/8inch reeded pole Wood 8inch mahogany
1359561;6163903;1-3/8inch reeded pole Wood 8inch walnut
1359562;27837635007;1-3/8inch reeded pole Wood 8inch walnut #2
1359563;70042771305;1-3/8inch reeded pole Wood 8inch White
2014045;81942136088;1-3/8inch resin stopper ers-138
2014046;81942139317;1-3/8inch resin stopper ers-138 #2
1359564;78555775063;1-3/8inch rnd knob rng pol chr bel p14848-26
2014047;81942135975;1-3/8inch wire brush 7chcb-138
2014048;81942139393;1-3/8inch wire brush 7chcb-138 #2
1845972;46135480119;1-30/40w 120v ballast sat s5274
2507371;718103060141;1-31 index 11x8.5 Red leathere
1359791;33923833868;1-5/16inch clstrod flng set orb sth s833-863
1359794;28905763899;1-5/16inch laundry strainer p plc 7638900t
1359795;28905763875;1-5/8inch 3-prong strainer p plc 7638700t
1359796;82472300260;1-5/8inch bi-met hole saw lnx 30026-26l
1359797;764666103191;1-5/8inch coarse dw scr 1# pac 158cdws1
2014157;81942135999;1-5/8inch wire brush 7chcb-158
2014158;81942139409;1-5/8inch wire brush 7chcb-158 #2
3003262;81942141099;1-5/8inch x 10inch top mount hanger for cfs
3003263;81942141259;1-5/8inch x 10inch top mount hanger for cfs #2
3003264;81942146674;1-5/8inch x 10inch top mount hanger for cfs #3
3003265;81942146834;1-5/8inch x 10inch top mount hanger for cfs #4
3003266;81942141105;1-5/8inch x 12inch top mount hanger for cfs
3003267;81942141266;1-5/8inch x 12inch top mount hanger for cfs #2
3003268;81942146681;1-5/8inch x 12inch top mount hanger for cfs #3
3003269;81942146841;1-5/8inch x 12inch top mount hanger for cfs #4
3003270;81942141075;1-5/8inch x 6inch top mount hanger for cfs
3003271;81942141235;1-5/8inch x 6inch top mount hanger for cfs #2
3003272;81942146650;1-5/8inch x 6inch top mount hanger for cfs #3
3003273;81942146810;1-5/8inch x 6inch top mount hanger for cfs #4
3003274;81942141082;1-5/8inch x 8inch top mount hanger for cfs
3003275;81942141242;1-5/8inch x 8inch top mount hanger for cfs #2
3003276;81942146667;1-5/8inch x 8inch top mount hanger for cfs #3
3003277;81942146827;1-5/8inch x 8inch top mount hanger for cfs #4
1360113;82472300307;1-7/8inch bi-met hole saw lnx 30030-30l
2014232;16118740400;1-7/8inch trailer coupler reese 74040
1360114;757033041400;1-7/8inch-4-1/2inch qr cutter Red tc4qp
1360209;738287036794;1-8 finished hex nut zinc 03679 coarse - 10 ct
1360213;738287036572;1-8 nylon insert hex locknut 03657 coarse - 10 ct
1360574;207331000000;1-burrito Special
1360575;45081100188;1-c/blk mailbox *Black* 692-8394 fulton
2014320;7331021023567;1-channel video encoder. dual streaming in h.264 and motion jpeg Max. d1 resolution at 30/25 fps. video motion detection. Power
1360580;207330000001;1-corn Dog Special
1062825;380045410010;1-Day vaginal antifungal prefilled applicator 1-dose treatment
2771105;37103904096;1-handed ctrl w/Guard&fingertip button,on wrs125,wrs250,w 106920&wtc 400c
1360601;28905043908;1-hdl kitchen loop chr cer aqu 0439000a
1846404;781002277002;1-hole strap 1/2inch emt lhd tw50-1
1846405;781002278009;1-hole strap 1/2inch pipe 18ga lhd hw50
1846406;781002277101;1-hole strap 1inch emt lhd tw100
1846407;781002278108;1-hole strap 1inch pipe 14ga lhd hw100
1846408;781002277057;1-hole strap 3/4inch emt lhd tw75
1846409;781002278054;1-hole strap 3/4inch pipe 18ga lhd hw75
1846410;784610120029;1-in cond hgr w/bolt min 2b
1846411;784610401555;1-in emt jiffy clip min 155
1846412;784610561556;1-in emt jiffy clip min med55
1846413;784610401609;1-in pipe jiffy clip min 160
1846414;784610561600;1-in pipe jiffy clip min med60
2771149;6944988404488;1-kl-a-7 бантик на резинке для собак/10
2014392;45883570776;1-Line ip telephone (united kingdom)
2014393;45883570813;1-Line ip telephone with 1-port ethernet, display (uk)
2014394;4260039344582;1-Line ip telephone with 2-port switch, poe and display please purchase sap 1197698 if you require a uk Power cable or not inte
1360733;4001869931623;1-ph. stromversorgung single-output pri
2014395;56097043475;1-port 1000base-lx gigabit interface converter (gbic)
2014396;56097056727;1-port 1000base-lx small form Factor pluggable gbic (Mini-gbic, connector type: lc). digital diagnostics.
2014398;56097056710;1-port 1000base-sx small form Factor pluggable gbic (Mini-gbic, connector type: lc). digital diagnostics.
2014399;56097043666;1-port 1000base-t gigabit interface converter (gbic), 8-pin modular connector (rj-45) for ethernet routing switch products only
2014400;56097043482;1-port 1000base-xd gigabit interface converter (gbic) - 50 km
2014401;56097043499;1-port 1000base-zx gigabit interface converter (gbic) - 70km
2014402;82658008416;1-port adslopots hwic for 1800, 2800&3800
1360737;28905868556;1-pos handhld w/rub chr mdd sen 8685500
1848292;14759008170;1-rca python cable 6inch blk ba-131-Gold
2014403;25932651212;1-subject notebook, Blue kraft cover, 16 lb, White, college-rule, coil-lock wire, 80 sheets, 9-1/2inch x 6inch
2014404;25932651199;1-subject notebook, Blue kraft cover, 16 lb. White, coil-lock wire, college-rule, 80 sh, 7.75inch x 5inch
2014405;25932651304;1-subject notebook, kraft cover, assorted colors, 16 lb. White, college-rl, letr-trim perforation, 3-hp, 80 sh, 11inch x 9inch
2014563;606449061451;1-year email threat management subscription for prosecure appliance utm10. includes malware signature and distributed spam anal
2014564;606449061529;1-year support and maintenance subscription for prosecure appliance utm25. includes software maintenance&upgrades, 24/7 support
2014565;606449061505;1-year web threat management subscription for prosecure appliance utm25. includes malware signature and url category database u
550683;6934604021854;1-заводная лошадь в дисплее
550684;6934607536935;1-заводная собака в дисплее
552382;6934607391060;1-ЗАВОДНОЙ МОТОЦИКЛ С ГОНЩИКОМ
550692;6934607278095;1-набор для бисероплетения
2972137;6934609656440;1-набор для бисероплетения #2
550700;6934604053497;1-строительная техника металл
2013665;21687612201;1.0 cu ft all god's creature litter
2013666;21687612102;1.0 cu ft bird&reptile litter
2769230;4630024510047;1.0 сыр моцарелла сырные истории
3001748;28400052979;1.00oz doritos cra Cool ranch
3001749;28400035965;1.00oz rold Gold heartzel
2013668;5060126032281;1.0gb drivestation combo4 firewire 800/400, esata and USB2.0 comobo external hard drive
2506671;883585085859;1.0to sata2 7200rpm hard drive ncq internal for xw4600 (ge262AA)
550704;82676504396;1.1inch metal magnet clip 2pcs/pkg
2013669;73555405422;1.2 cu. ft. capacity stow-away crate, 16-1/2inch w x 14-1/2 d x 39h extended, 16-1/2inch w x 3-1/2 d x 18 h folded, Black
1357518;29069751852;1.25inch brs splt keyrng-2cdm hy-ko kc107br
2506672;98382150192;1.25oz shot glass and lid-clear case
2769234;37103483232;1.27mm x 102mm series 99 interchangeable allen hex socket screw blade
1357554;28400025805;1.29 min 3D rf mx
550706;82676331183;1.3 MM CRIMP BEADS SILVR 1 GRAMS Bag
3001750;28400080590;1.37oz Lay's sea salt-n-pepper
3001751;28400034791;1.38oz munchies jalapeno&Cheese
550707;82676331190;1.3mm crimp beads Gold 1 grams/pkg
2013671;5099206015159;1.3mp webcam c300
1357555;7792209942672;1.41inch x 35yd adv. Aqua tape ra3655 rust-Oleum 99426
1357556;77922994281;1.41inch x 35yd Pro Orange tape ro3655 rust-Oleum 99428
1357557;77922994243;1.41inch x 35yd utility White tape ru3650 rust-Oleum 99424
1357558;77922995271;1.41inch x 60yd Pro mask pink tape pink35 rust-Oleum 99527
3001752;28400029117;1.42oz snack toasted Peanut Butter
2506673;884420677994;1.44mb diskette drive kit
550708;60107162445;1.4l transparent Bowl 4asst.
1357563;14045224161;1.4oz oxygen cylinder wcc 307344
2506674;74506566254;1.5 0z clear tall shooter 50/20 cs50
2506675;77711013193;1.5 ew ezd ring binder
3001753;36632013743;1.5% milkfat low fat yogurt
3001754;492841016522;1.5% milkfat low fat yogurt pouches
2275019;4810122022103;1.5-сп комплект /под.215x153,нав.70x70-1,пр.220x145/ 2380
2275020;4810122041210;1.5-сп комплект/под 215x153предм 220x145нав 50x70-2 2717
2275021;4810122017482;1.5-сп комплект/под 215x153предм 220x145нав 70x70-2/ 2148
2275022;4810122029966;1.5-сп комплект/под.215x147,нав.70x70-1,пр.214x150/ 2716
2275023;4810122075468;1.5-сп комплект/под.215x147.пр 214x150 нав.70x70-1/ 3548 коробка подар
2275024;4810122063052;1.5-сп комплект/под.215x153,пр.220x145,нав 50x70/2 поплин 3315
3001755;28400043137;1.50oz Lay's tomato and basil
1743015;4002064417080;1.514а gimpet таблетки для кошек 710т grassbits с травой 417080
1743016;4002064406886;1.531 gimpet витамины для кошек сердечки 650т с ягненком 420г 406886
3001756;28400013024;1.55oz sunchips Apple cinnamon
1822596;8680108019658;1.5c кпб cemile bej (н 1шт 50x70.1шт 70x70,п 160x220,под 150x210
1822597;8680108018057;1.5c кпб sukran bej (н 1шт 50x70.1шт 70x70,п 160x220,под 150x210
2769236;37103901026;1.5hp, 230v, 3ph, 4-way manual valve pump for Electric Power packs
2769237;37103901019;1.5hp, 230v, 3ph, single valve pump for electrically-driven Power packs
2506678;708450582243;1.5inch x 4.25inch napkin band - White cs10
2013672;81942123330;1.5inch x 4.5inch x 4.5inch tie wire coil tw3
2013673;81942125884;1.5inch x 4.5inch x 4.5inch tie wire coil tw3 #2
2769238;37103484277;1.5mm x 102mm recessed socket head screwdriver, Black handle
2769239;37103483249;1.5mm x 102mm series 99 interchangeable allen hex socket screw blade
2769240;37103104274;1.5mm x 3mm x 45° bent nozzle, nr02, for hap2 and hap3 Hot Air irons
879532;992070051016;1.5oz 6% bpo triaz
1064218;19200000512;1.5oz d-con mouse prufe 619-9558 00051
2506679;98382615998;1.5oz tube shot-asst neon 12/15 cs12
1357582;77922855322;1.5x 30inch Silver reflect tape utc 50p-s
100084;5413546306690;1.5кг паштет в керамике с яблоками
2769241;5413546317399;1.5кг паштет с грибами в керамике
100085;5413546328388;1.5кг паштет утиный с апельсинами в керамике
1546981;28400079044;1.62oz munchos regular
242029;5055200513640;1.6m phenolic stalking lnh (ручка для подсачека) 20610
2506682;81391902302;1.6x 3inch Diamond cube-clear 20/10 cs20
2013674;45663213176;1.75inch dumbbell w/bells
2506683;1001354601751;1.75inch steer steak marker - rare cs5
879534;243850177885;1.75oz rub bl m
879535;721400452311;1.75ozskinhealngaqua
550713;652695236822;1.75X1.75inch RECLOS.POLY Bag 100PC/PKG
1357586;77922918973;1.7mil caution tape 3inch x 1m' utc 91897
1737273;613103031774;1.8 cf large electronic digital safe gun jewelry Home secure-paragon lock&safe
1740747;688057100593;1.8 cu.ft.no Frost all refrig hrq02wnaww
1471883;28400089296;1.87oz Lay's Honey bbq
613533;28400080705;1.87oz Lay's jalapeno
2809701;28400080712;1.87oz Lay's kettle barbecue
1594033;28400078603;1.87oz Lay's salt and vinegar
1614739;28400078610;1.87oz Lay's sour Cream and onion
1357588;87143001354;1.88inch (48mm) x 60 bloc-it 4947156 painters tape #1009-#86533
1357587;77922995288;1.88inch x 60yd Pro mask pink tape pink48 rust-Oleum 99528
1357591;23000388800;1.99 salt&vin
2769243;20418192852;1/0 - 2/0 open Eye swivel, zinc plated, upc tagged
2769244;20418067839;1/0 brass plumbers chain, Bright, 100' per carton
939338;20418064883;1/0 brass plumbers chain, Bright, 200' per reel
2769245;20418066924;1/0 inco double loop chain, galvanized, 100' per cartoon
2769246;20418145612;1/0 inco double loop chain, zinc plated, 100' per reel
2769247;20418066290;1/0 lock link single loop chain, wrapped, blu-krome, 100' per carton
2769248;20418066511;1/0 lock link single loop chain, wrapped, blu-krome, 100' per carton #2
2769249;20418066306;1/0 lock link single loop chain, wrapped, blu-krome, 250' per reel
2769250;20418066337;1/0 lock link single loop chain, wrapped, galvanized, 250' per reel
2769251;20418061516;1/0 straight link coil chain, blu-krome, 100' per carton
2769252;20418060946;1/0 straight link machine chain, blu-krome, 100' per carton
2769253;20418061219;1/0 Twist link machine chain, blu-krome, 100' per carton
1845388;7836699811282;1/0awg solder lug 1/2 ils 125amp
1408148;20418190407;1/16inch - 3/16inch swaging tool, 18inch length, imported
2769254;20418189456;1/16inch 1x7 cable, Green vinyl coated to 1/8inch, 250 feet per reel
924177;20418100253;1/16inch 7x7 cable, galvanized wire, 500 feet per reel
2769255;20418166464;1/16inch aluminium cable ferrule
1357593;82472300178;1/16inch bi-met hole saw lnx 30017-17l
1464583;20418157134;1/16inch cable ferrules (2pcs) & stops (2pcs), aluminium, bagged
1357594;10306100069;1/16inch spacers 250/bag Da qep 10006
1357595;35965058100;1/16inch sq notch spreader d npr 977
1357596;35965061728;1/16inch sq notch trowel dd npr 972
1357597;891346000010;1/16inch tile spacer 200/bag esp 0511p15tw-200
1175441;20418192586;1/16inch wire rope clip, malleable, galvanized, import, upc tagged
2769256;37103484475;1/16inch x 4inch recessed socket head screwdriver, amber handle
2769257;37103488275;1/16inch x 4inch recessed socket head screwdriver, amber handle, carded
2769258;37103484581;1/16inch x 4inch recessed socket head screwdriver, ballpoint tip, amber handle
2769259;37103482990;1/16inch x 4inch series 99 ballpoint allen hex socket screw blade
2769260;37103002754;1/16inch x 4inch series 99 interchangeable allen hex socket screw blade
2769261;37103482983;1/16inch x 4inch series 99 interchangeable allen hex socket screw blade #2
2769262;37103472625;1/16inch x 700° ct5 series screwdriver tip for w60 p&w 60p3 soldering iron
2769263;37103472632;1/16inch x 800° ct5 series screwdriver tip for w60 p&w 60p3 soldering iron
1357598;35965062558;1/16x1/16 sq notchd trwl ad npr 222
1357599;19442146986;1/2 45' elbow Black 310 e45-12
1357600;19442148294;1/2 45' elbow galvanized 311 e45-12
1357601;19442148973;1/2 45' street elbow galvanized 311 se45-12
1357602;19442147471;1/2 45~ street elbow Black 310 se45-12
1357603;19442147044;1/2 90' elbow Black 312 e90-12 610-0614
1357604;19442148393;1/2 90' elbow galvanized 313 e90-12
1357605;38561547054;1/2 90' poly elbow genova 547051
1357606;19442147532;1/2 90' street elbow Black 310 se90-12
1357607;19442149031;1/2 90' street elbow galvanized 311 se90-12 610-1299
2769264;1882018;1/2 alumstmtbl lid 1 ct 101230
879538;37155945603;1/2 barb x 1/4 mip adapter
1357608;74523026847;1/2 bed cstr sockets pla m k-f 2684
1357609;19442146801;1/2 cap Black 310 ca-12
1357610;19442148072;1/2 cap galvanized 311 ca-12
3001757;72180635716;1/2 Cheese pizza&1/2 pepperoni pizza
1845390;87115709059;1/2 clamp type ser hd bwf 180v
1357611;74523021538;1/2 clear hd bumber m k-f 2153
1357612;74523021545;1/2 clear sq heavy bumper m k-f 2154
879539;37155524419;1/2 comp nut
1845392;784610120005;1/2 cond hgr w/bolt min 0b
1357613;19442058135;1/2 coupling Black steel 316-mco-12 642-1812
1357614;19442058180;1/2 coupling galvanized steel 317-mco-12
1357615;19442148232;1/2 cross galvanized 311 cr-12 610-2123
1992982;671241078846;1/2 cup bra&boy short Black l/xl
1993238;671241078853;1/2 cup bra&boy short Black Queen
1992983;671241078839;1/2 cup bra&boy short Black s/m
1845411;18997008602;1/2 emt 3/8 flex comb (efc50) hax 15303b Arlington 860
1845393;784610401302;1/2 emt jiffy clip min 130
1845394;784610561303;1/2 emt jiffy clip min med30
1845395;781204222961;1/2 emt strut clamp wsn w-6026
1845396;18997368614;1/2 emt/flx cplg (egc50) hax 04905b Arlington gf861
1845397;34481008606;1/2 ent snap conn Thomas&betts a253d-car
879540;37155507306;1/2 flare 1/2 fip adapter
879541;37155507436;1/2 flare 1/2 mip elbow
879542;37155524846;1/2 flare 3/4 fip adapter
879543;37155507429;1/2 flare x 3/8 mip 90 dgr elbw
879544;37155524891;1/2 flare x 3/8 mip adapter
879545;37155945207;1/2 flarex 1/4 mip adapter
1357617;738287056280;1/2 flat washer 5 lb. 05628 Hot dipped galvanized
1845398;18997763501;1/2 flex cplg (gx50) hax 04505b Arlington gfc50
1845399;51411904814;1/2 flex ss connector 1/bg halex 90481
879546;37155945047;1/2 forged flare nut
1357618;71580081406;1/2 gal.
879547;82361319632;1/2 galv split wshr
879548;82361318956;1/2 galv. flat washers
1357621;28905761413;1/2 ips escutcheon low ch p plc 7614100n
879550;82361429140;1/2 lock washer ss
879551;82361072346;1/2 Long lag screw shld
879552;37155943562;1/2 male 3/8 fip face bushn
3001758;11110193421;1/2 marble grad cake with Red borders
1357622;810468000937;1/2 mi 14 ga Electric fence 895-4554 wire
1357623;8104680000007;1/2 mi 17 ga Electric fence 815-6291 wire
879553;37155540891;1/2 mip x 1/8 fip bushing
2769265;34977134970;1/2 pete sheetcake 1 ct 13497
1845401;784610401401;1/2 pipe jiffy clip min 140
1845402;784610561402;1/2 pipe jiffy clip min med40
1357631;38561541052;1/2 poly coupling genova 541051
1357632;38561039528;1/2 poly female adapter genova 543051
1357633;38561540055;1/2 poly Line valve genova 540051
1357634;38561544053;1/2 poly male adapter genova 544051
1357635;38561545050;1/2 poly tee genova 545051
879681;82361400644;1/4x3/4 mchn phlp stainless
1358218;38453063044;1/4x36 Wood dowel 7304u 441-1468 Light Green
1358219;19442153298;1/4x4 Black pipe nipple 308 14x4
1358220;738287010619;1/4x4 carriage screw zinc 01061
1358221;19442153182;1/4x4 galvanized pipe nipple 309 14x4
879683;82361445812;1/4x4 lag screw hex hd stainless
879684;82363856326;1/4x4 tappers
1358223;19442153328;1/4x4-1/2 Black pipe nipple 308 14x412
1358224;738287010626;1/4x4-1/2 carriage screw zinc 01062
1358225;19442153199;1/4x4-1/2 galvanized pipe nipple 309 14x412
1358227;19442153342;1/4x5 Black pipe nipple 308 14x5
879687;82361335304;1/4x5 carriage screw galv
1358228;738287010633;1/4x5 carriage screw zinc 01063
1358229;19442153205;1/4x5 galvanized pipe nipple 309 14x5
879688;82361067946;1/4x5 toggle bolts
1358232;19442153380;1/4x5-1/2 Black pipe nipple 308 14x512
1358233;738287010640;1/4x5-1/2 carriage screw zinc 01064
1358234;19442153212;1/4x5-1/2 galvanized pipe nipple 309 14x512
1358231;71514065007;1/4x50 ' Natural sisal apd lehigh 8005l hd
1358235;19442153410;1/4x6 Black pipe nipple 308 14x6
1358236;738287010657;1/4x6 carriage screw zinc 01065
1358237;19442153229;1/4x6 galvanized pipe nipple 309 14x6
879689;82366976120;1/4x6 hex driver screw
1358239;19442065980;1/8 45' elbow Black 310 e45-18
1358242;19442147068;1/8 90' elbow Black 310 e90-18
1358240;19442148416;1/8 90' elbow galvanized 311 e90-18
1358243;19442147556;1/8 90' street elbow Black 310 se90-18
1358241;19442149055;1/8 90' street elbow galvanized 311 se90-18
1358244;19442146825;1/8 cap Black 310 ca-18
1358245;19442148096;1/8 cap galvanized 311 ca-18
1358246;19442065911;1/8 coupling galvanized steel 317-mco-18
879690;82361066642;1/8 drive wall anchor
879691;37155945672;1/8 hex plug
879692;37155945719;1/8 nipple w/hex
2769552;23833123715;1/8 pete sheet cke 1 ct 12371
879693;82361065102;1/8 s hollw wall anchr
879694;82365807166;1/8 small plstc toggles
1358249;19442147235;1/8 steel plug Black sq hd 310 p-18
1358250;19442148515;1/8 steel plug galvanized sq hd 311 p-18
1358251;19442147655;1/8 tee Black 310 t-18
1358252;19442149154;1/8 tee galvanized 311 t-18
1358253;19442149260;1/8 union galvanized 311 u-18
1358254;19442154042;1/8 x cl Black pipe nipple 308 18xcl
1358255;19442153670;1/8 x cl galvanized pipe nipple 309 18xcl
879695;82360322152;1/8-1/2 drive wall anchor
331328;88076164437;10 cane Light Rum 80p 40% btl 50ml
331329;88076165182;10 cane Light Rum glass 375ml
1358303;88110164447;10 cane Rum
331330;88076164451;10 cane Rum 12b 375ml
331331;81753813109;10 cane Rum w/stirrings mojito 6b 750ml
2506700;7619943185212;10 cc - live in japan DVD most8521
297108;81555549152;10 cheap l.a.colors neon Bright Nail Art polish cheap Art lacquer
879704;39593564507;10 compass saw-Pro grade
879705;345800238100;10 contac
550738;19906000007;10 CREPES TERROIRS
1726976;887444054468;10 crosby derek lam women's tank dress, twilight, small
1845614;14759005735;10 db 74 ohm sig amp blk bv-073
1358305;36000520118;10 diapers #2
879706;707387378110;10 eartsnp bksteth
1742888;692991702959;10 feather razor blades New hi-stainless double edge
3001802;36800067868;10 flour tortillas
3001803;36800067844;10 flour tortillas fajita style
3001804;28029210484;10 grain breaded alaskan cod
3001805;73410012826;10 grains&seeds English muffins
1358308;60107812487;10 gram epoxy glue
3001806;78000023572;10 great tasting calories soda
2506707;4011222235022;10 great tenors - CD diez223502
2506708;885150333112;10 greats sopranos - CD diez223503
879707;39593460502;10 groove Joint neon
879708;39593861507;10 h/d pipe Wrench with grip
550741;61541512810;10 Happy birthday rnd balloons asst colors
2769640;876529000162;10 hop ipa glass 12floz
2769641;876529000179;10 hop ipa glass 22floz
1358313;79976167215;10 in icescrapr fd
879710;346414333335;10 inh ammoni
331333;85200006120;10 junebug Sauvignon blanc 750ml
2506709;860928000120;10 lewis ale metal 16floz
2769643;860928000120;10 lewis ale metal 16floz #2
879711;39593450602;10 lock grip curved 2 dip
879712;39593450503;10 lock grip straight jaw
879713;39593450510;10 locking plier-curve jaw
1358315;3303430059677;10 m6 c болты+гай ки 05967
1358316;3303430059684;10 m8 c болты+гай ки 05968
879714;99988071140;10 menage a trois Cabernet 750ml
331334;99988071157;10 Menage A Trois Moscato 750ml
2013759;9909622110009;10 minute yoga
3001807;67376007842;10 mm concrete reinforcing rods - 120inch
3001808;81942131052;10 mm concrete reinforcing rods - 120inch #2
2013760;67376007774;10 mm concrete reinforcing rods - 12inch cr12
2013761;81942125754;10 mm concrete reinforcing rods - 12inch cr12 #2
2013762;67376007781;10 mm concrete reinforcing rods - 24inch cr24
2013763;81942125761;10 mm concrete reinforcing rods - 24inch cr24 #2
2013764;67376007804;10 mm concrete reinforcing rods - 36inch cr36
2013765;81942125778;10 mm concrete reinforcing rods - 36inch cr36 #2
2013766;67376007811;10 mm concrete reinforcing rods - 48inch cr48
2013767;81942125785;10 mm concrete reinforcing rods - 48inch cr48 #2
2013768;67376007828;10 mm concrete reinforcing rods - 72inch cr72
2013769;81942125792;10 mm concrete reinforcing rods - 72inch cr72 #2
2013770;67376007835;10 mm concrete reinforcing rods - 96inch cr96
2013771;81942125808;10 mm concrete reinforcing rods - 96inch cr96 #2
3001809;857631001223;10 months aged comte Cheese
1358318;33674313930;10 packets
297110;785618412598;10 Packs (60 Batteries) Renata Swiss Made Size 312 Batteries
297112;689466125986;10 Pads for H20 Steam Mop and Steamboy Unit
1599003;37103145734;10 piece dura-driver general purpose screwdriver set, carded
2769644;37103481023;10 piece metric full hollow shaft nutdriver kit in Red plastic case
2506714;98382412214;10 qt Ice bucket - clear cs3
2769645;83120002888;10 span Cabernet Sauvignon glass 750ml
2769646;83120003106;10 span Chardonnay glass 750ml
2769647;83120003090;10 span Pinot Noir glass 750ml
1985062;782421200701;10 Speed cock strap bx (d)
2506716;17794897082;10 strawberry street 24-piece square tidbit serving set with Mini utensils, White
2506717;17794160186;10 strawberry street coupe 6inch square appetizer plates, set of 12
2506718;17794465090;10 strawberry street Dali bone china 16-piece square-round dinnerware set, White
2506719;17794997447;10 strawberry street Nova square banquet 45-piece dinnerware set
2506720;17794996235;10 strawberry street sahara Black 20-piece dinnerware set with cup and saucer, White with Black and Gold border
1358323;566102000312;10 times luck
1358324;53137005660;10 times the luck
1358325;644018117161;10 times the money
879720;39593244904;10 tinman style tin snip
2006564;784656754998;10 ways to go longer&stronger DVD
2013773;9909622280009;10 week Body plan
550751;652695304941;10 well oblong 6x 9inch 1pcs/pkg
1358326;4800471267898;10 White envelope ordinary 10's
2506722;23942437369;10 x bd-r - 25gb (135 min) 4x - mandrino - supporti di memorizzazione
2506723;23942437383;10 x bd-r - 25gb (135 min) 4x - mandrino - supporti di memorizzazione #2
2506725;23942437482;10 x bd-r - 25gb (135 min) 4x - mandrino - supporti di memorizzazione #4
2506726;23942437581;10 x bd-r - 25gb (135 min) 4x - mandrino - supporti di memorizzazione #5
2506727;23942439073;10 x bd-r - 25gb (135 min) 4x - mandrino - supporti di memorizzazione #6
2506729;5024460007060;10 x CD-r - 700 mo (80 min) 52x - lightscribe - boitier CD etroit - support de stockage
209028;4902030195397;10 x CD-r - 700 mo (80 min) 52x - spindle - support de stockage
2506731;4902580400989;10 x CD-r - 700mb (80 min.) 52x - printbaar oppervlak - jewel case - opslagmedia
2506732;51122186455;10 x CD-r - 700mb (80 min.) 52x - slim jewel case - opslagmedia #2
2506734;4902580320744;10 x disquete - 1.44 mb - pc - soportes de almacenamiento
2506735;23942436577;10 x DVD+r - 4.7gb (120 min.) 16x - dof zilver - slim jewel case - opslagmedia
2506736;4902030199258;10 x DVD+r - 4.7gb (120 minutes) 16x - lightscribe - spindle - support de stockage
2506738;5024460005813;10 x DVD+r 4.7gb (120 minutes) 16x
2506739;4902030199241;10 x DVD+r dl - 8.5 go 8x - spindle - support de stockage
2506741;51122235351;10 x DVD+r dl - 8.5gb (240 min.) 8x - slim jewel case - opslagmedia
2506743;5024460007114;10 x DVD+r dl 8.5 go (240 minutes) 8x
457812;23942432463;10 x DVD+RW - 4.7gb (120 min.) 4x - dof zilver - jewel case - opslagmedia
2506745;51122204319;10 x DVD+RW - 4.7gb (120 minutes) 4x - spindle - support de stockage
2506746;4902030195229;10 x DVD+RW - 4.7gb 1x - 4x - boitier CD etroit - support de stockage
2506747;4902030193539;10 x DVD+RW - 4.7gb 1x - 8x - boitier CD - support de stockage
2506748;4902030194543;10 x DVD+RW - 4.7gb 1x - 8x - spindle - support de stockage
2506749;4902030183509;10 x DVD+RW - 4.7gb 4x - boitier CD - support de stockage
2506751;5024460005462;10 x DVD+RW 4.7gb (120 minutes) 4x
2506755;4902030194895;10 x DVD-r (8cm) - 1.4 go 2x - spindle - support de stockage
2506756;5024460007190;10 x DVD-r (8cm) 1.4 go 4x
457815;4902030194208;10 x DVD-r - 4.7gb (120 minutes) 16x - boitier CD etroit - support de stockage
2506753;4902030194086;10 x DVD-r - 4.7gb 16x - boitier CD - support de stockage
2506754;51122235313;10 x DVD-r - 4.7gb 16x - lightscribe 1.2 - slim jewel case - opslagmedia
1205059;23942436409;10 x DVD-RW (8cm) - 1.4 go (30 minutes) 1x - 2x - surface imprimable avec photo - spindle - support de stockage
1775218;4902030195250;10 x DVD-RW - 4.7gb (120 minutes) 4x - spindle - support de stockage
2506760;4902030188917;10 x DVD-RW - 4.7gb 4x - boitier CD - support de stockage
2506762;5024460006247;10 x DVD-RW 4.7gb (120 minutes) 2x
2769648;5000128773713;10 year Old tawny port 750ml 750ml
1358327;6028400300081;10 years Old glass 375ml
2506763;4019976326430;10 zip 250mb - soportes de almacenamiento
2506764;4019976324801;10 zip 750mb - soportes de almacenamiento
3001810;1098624403238;10 баллов газ.вода 1.5л
1845618;9786170912312;10 историй по слогам, лесной концерт арт. с15985р
1845619;9786170912329;10 историй по слогам, непослушные тарелки арт. с15971р
1845620;9786170912336;10 историй по слогам, прятки на отлично арт. с15983р
1845621;9786170912343;10 историй по слогам, умная мурка арт. с15981р
550754;3303430149156;10 ограничит. для сим.и асим.реек [14915] prisma
710645;3303430292418;10 переходных клемм (ns100/250) compact ns 29241
1358328;3303430073604;10 самокл.держ этикеток д=430мм 07360
1358329;3303430148609;10 стоек для реек ш=18мм г=15мм [14860]
1358334;3303430132295;10 фальш модулей по 10мод. ral 9003 13229
550756;4607129636941;10 Шар С Днем Рождения в банке 200шт
2506766;49206116146;10# pinch point crowbar 1161400 17200
1358335;755625324207;10# sledge hammer 36inch fg hd trp 30930/30598
1358336;755625326287;10# sledge hammer 36inch hic hd trp 30919/30582
2506767;49206116276;10# wedge point crowbar 1162700 18500
1845606;29892022044;10' 16/2 sjtw org cord Coleman Cable 02204-88-03
1845607;54732104970;10' 16/3 3-outlet snug plug wh prime ec930610
1845608;54732100002;10' 16/3 outdoor ext cord org prime ec501610
1845609;54732500253;10' 16/3 pwr tool cord org prime ad010610
1845610;54732190584;10' 18/2 hd clmp lmp shade prime clhd0506
1358299;207840000003;10' angelfood cake
1358300;831489001000;10' basket annual
2013755;76484512087;10' giant tie out cable up to 150#
1358309;706673305502;10' hanging basket
1358310;831489001055;10' hanging baskets
2013756;76484517594;10' heavy tie out cable up to 80#
2769642;37103904201;10' hydraulic hose/wire assembly
2013757;76484890505;10' medium tie out cable up to 50#
1358317;60107977124;10' non Stick frying
2013772;729849110304;10' open tunnel
879719;798361668471;10' prnt flc deer
1358320;51643035089;10' ratchet tiedown camo 03508-v 4pk keeper 01419
879721;39593755004;10' x 1/2 pwrloc chrome tape
3001812;852469004187;10+ bio active manuka Honey
1845733;54732300662;10-1/2inch clamp lamp w/6' crd prime cl080506
1358434;25545480346;10-1/2inch drilling hammer hdl att 436
1358435;51779612345;10-1/2inch fence pl elite d k-r 61234
2013836;768303000355;10-11inch knotted rawhide bone
880095;82360323456;10-12 plastic anchors
880096;82360324378;10-12 plstc anchr
880106;82360324828;10-14x1 Wood screw anchor
1358449;738287032901;10-16x1 self drill screw 3290 hex washer head
880107;82361272258;10-16x1 stl slf drill hex screw
1358451;738287032925;10-16x1-1/2 self drill screw 03292 hex washer head
1358450;738287032871;10-16x1/2 self drill 3287 screw hex washer head
880108;82361271954;10-16x1/2 slf drill hex hd wshr
1358452;738287032895;10-16x3/4 self drill 3289 screw hex washer head
1358453;738287033236;10-16x3/4 self drill 3323 screw phillips pan head
880109;82366891812;10-16x3/4 ss sd screws
880123;82361424718;10-24 acorn nuts stainless
880124;82360728466;10-24 stp nts nylon inserts stl
879699;82360623976;10-24x1 1/2 machine screws
880125;82360594658;10-24x1 rnd head mch screw
880126;82361398156;10-24x1 stnl stl machine scr
880130;82361412838;10-24x1-1/2 ph phl mach srw
880131;82360594894;10-24x1-1/4 mch srw
880127;82361397852;10-24x1/2 machine screw stainless flt hd
880128;82361412210;10-24x1/2 ph mach screw ss
880129;82360661350;10-24x1/2 stl thmb machine screw
880132;82361413132;10-24x2 1/2 machine screw pan hd ss
880134;82361413064;10-24x2 machine screw stainless
880133;82361398538;10-24x2 machne screws stainless
880135;82360595198;10-24x2 stl rnd hd mchn scw
880136;82360595648;10-24x3 1/2 machine screw rnd hd stl
880137;82361398088;10-24x3/4 machine screw flt hd ss
880138;82361406066;10-24x3/4 machine screw stainless ovl hd
2506997;5412810071876;10-30 lcd con soporte de pared
2506996;5412810071838;10-30 lcd soporte. basico pero
1358469;26196011408;10-30 zoom binocular samsonit
1358471;32076152550;10-310c crimp sleeve 100pk 18-10awg sb1810s
880144;82360728534;10-32 steel nylon insert stp nut
880148;82361414054;10-32x1 1/2 machine screw ss
880147;82361399696;10-32x1 1/2 machine screws ss
880149;82361413996;10-32x1 1/4 machine screw pn hd stnl
880150;82360597178;10-32x1 1/4 machine screw rnd hd
880151;82361399450;10-32x1 machine screw flt hd stainless
880152;82360597000;10-32x1 machine screw rnd hd
880153;82361413514;10-32x1/2 machine screw pn stainless
880154;82360625574;10-32x1/2 machine screw slt flt hd
880155;82361414368;10-32x2 1/2 machine screw pn stainless
880156;82361399900;10-32x2 1/2 mhcn screw flt hd stn
880157;82360597482;10-32x2 machine screw rnd hd
880158;82361414290;10-32x2 machine screw stls pan hd
880159;82360626632;10-32x3 machine screw flt hd stl
880160;82360626328;10-32x3 stl flt hd mchn scw
880161;82360596874;10-32x3/4 machine screw rnd hd
880162;82361413750;10-32x3/4 stainless machine screw
880163;82360596560;10-32x3/8 machine screw stl
2507028;444100037243;10-foot 60-count led string lights in warm White/copper
2507029;444444363879;10-foot round de luxe Eucalyptus Wood patio umbrella in Blue
2507039;444100018631;10-inch herringbone hardback drum lamp shade in grey
550907;60107882220;10-Mini shiny drops ornaments
205413;30878940436;10-outlet surge block phone/coax protection 8ft cord 3090 joules blk/Silver
2507072;87828014297;10-photo collage frame in Black
2769997;37103484215;10-piece sae full hollow shaft nutdriver kit in Yellow plastic case
2769649;4606540002083;10. био-йогурт с ароматом клубники мдж 2.5% полевское 0.5л*4 ф/п
3001811;610370880760;10.000 lakes no-salt Blend
2506817;81227390020;10.000 maniacs - campfire songs CD 739002
2506818;85854219631;10.0inch
2769650;4610006000261;10.1 творог зеленоградский обезжиренный мдж 1.8% коррекс 350г
1358340;4800471845782;10.25 sq soup Bowl porcelain
2506820;98382511214;10.25inch de luxe plate-clear 12/14 cs12
2506821;41165945249;10.25inch divided plate White 20/25 cs20
2506822;98382510217;10.25inch Elegance plate clr 12/14 cs12
2506823;41594866221;10.25inch Foam laminate comp plt-wh cs4
2506824;41594866269;10.25inch Foam laminate plate-White cs4
2506825;639580031878;10.25inch jmb unwrap strawberry-blk 4/500 cs4
2506826;39091304193;10.25inch legacy plate clear 6/20 cs6
2506827;1007450653861;10.25inch masterpiece plate White cs10
2506829;41165945430;10.25inch plastic plate-clear 20/25 cs20
2058202;5051794002492;10.2inch Sport netbook case sacoche pour ordinateur ...
1358341;70798270503;10.3oz beats the Nail dap (same as-27450 voc btn) 27050
550758;60107105268;10.5inch CURVED Handle BBQ Brush
2506859;51656004461;10.5inch square Bowl cs12
2769651;37103105424;10.5mm x 10.5mm 2-sides heated nozzle, d04 for hap1 small Hot Air pencil
1358342;84884611118;10.5oz 611 dewitt roof cement small cartridge size #99
2769652;4680320007123;10.7 творог хуторок мдж 1.8% 250г
2769653;37103062673;10.7mm x 10.7mm 2-sides heated nozzle, nd05 for hap2, hap3 Hot Air irons
2013780;45883560654;10/100 4-port vpn router
2506863;4016032136736;10/100 mbps fast ethernet 32-bi pcmcia adapter (dn2002c)
2506864;8714909002936;10/100 mbps lan snap port card for notebooks (csp100tcl)
2506867;7670351696134;10/100tx x 24port fast ethernet layer 3 switch
2506868;722868693858;10/12inch messenger bag - funda de transporte para portatil - 12.1inch - azabache, Cabernet
1358343;738287036480;10/24 nylon insert hex locknut 03648 coarse-100 ct
1358344;738287038026;10/24 wing nuts - zinc 3802
1170911;78477100035;10/pk 1g duplex plt White leviton 88003-wmp sanm02
662230;4620003556685;10/чм-01000/22131021 triol набор для кошек мяч радужный трехцветный зефирный ф 4см*25шт
1742398;797734332568;100 - 10x13 White poly mailers bags
879728;621750101016;100 0.125mg hyosc
879729;615700072013;100 0.3mg menes
879730;581770324041;100 0.4mg nitro
879732;615700073010;100 0.625mg menes
1358345;28002063090;100 000 ba
879734;615700110012;100 1.25mg altac
879735;597623725019;100 1.25mg glybu
879736;615700074017;100 1.25mg menes
879737;173149313024;100 1.45gmneutr
879738;609510603680;100 10/100mg carbi
879739;620370567011;100 10/660 mghydro
879740;525440634016;100 10/750 mgmaxid
879741;593100119104;100 1000mg muco-
879742;526045100012;100 100mcg levox
879744;243850436784;100 100mg bl st
879745;597727048014;100 100mg capto
879748;173149300017;100 100mg elmir
879749;609510658703;100 100mg ermorph
879752;532650196104;100 100mg phena
879756;628560246418;100 10mg arice
879758;59107860130;100 10mg chlor
879759;173148501019;100 10mg ditro
879765;597623742023;100 10mg medro
879767;540920383017;100 10mg saadder
879769;526045112015;100 112mcg levox
879770;59103450120;100 120mg verap
879771;627940145013;100 125mcg digit
879772;526045125015;100 125mcg levox
879773;526045150017;100 150mcg levox
879774;597623328012;100 150mg clind
879775;640110135119;100 150mg nifer
879778;173148502016;100 15mg ditro
879779;609510652701;100 15mg ermorph
879780;526045175010;100 175mcg levox
879781;173145850028;100 18mg er conce
879784;605050093004;100 1mg doxaz
879788;18500250146;100 2.5mg lisin
879789;605050184009;100 2.5mg lisin #2
879790;655800643713;100 2.5mg metol
879792;530140975710;100 2.5mg zarox
879794;526045200019;100 200mcg levox
879795;243850647784;100 200mg bl ib
879797;37802610120;100 200mg ketoc
879800;532650197101;100 200mg phena
879801;599301714018;100 20meq pot c
879805;621750107018;100 20mg isoso
879806;605050187000;100 20mg lisin
879810;646820008026;100 20mg perio
879811;540920387015;100 20mg saadder
879814;609510607688;100 25/250mg carbi
879815;627940146010;100 250mcg digit
879817;243850967783;100 250mg bl ma
879818;243850443782;100 250mg bl st
879819;648600104072;100 250mg cepha
879821;633040515014;100 250mg chwamoxi
879823;672530620104;100 250mg napro
879824;526043416016;100 25mcg cytom
879831;625840740000;100 260mg quini
879832;173145853029;100 27mg er conce
879836;532650270101;100 300mg lithi
879838;521520185027;100 300mg trime
879839;521520060027;100 300mg ursod
879840;581770222040;100 30mg er isoso
879841;599301502011;100 30mg er isoso #2
879845;498840009015;100 30mg or isoso
879848;510790002400;100 325mg aceta
879849;128430101125;100 325mg bayer
3001910;856543002977;100% cold-pressed Juice #3
3001911;859168006276;100% cold-pressed Juice #4
3001912;28700149034;100% concord grape Juice
3001913;708820353954;100% corn pasta
3001982;28700348437;100% Fruit smoothie
3001983;57961027089;100% Fruit strip bars
1516218;81867200093;100% Fruit sweetened Apple Butter
3001984;48500022009;100% Fruit&vegetable Juice
3001987;48500201558;100% Fruit&vegetable Juice #4
3001988;851720003006;100% Fruit&vegetable Juice #5
3001989;851720003013;100% Fruit&vegetable Juice #6
3001990;851720003020;100% Fruit&vegetable Juice #7
3001991;28700347423;100% fruitfull smoothie
3001992;46567031514;100% gala Apple Juice
3001993;688267032721;100% gala style Apple Juice
3001994;19962661037;100% ginger immunity shot
3001995;670584000217;100% goats' Milk
3001996;893660002015;100% grade a real Milk
3001997;869745000160;100% grain-free bagels - cinnamon-raisin
3001998;869745000115;100% grain-free bagels - onion-garlic-sea salt
3001999;869745000191;100% grain-free sliced bread loaf
3002000;688267032905;100% granny smith style Apple Juice
3002002;92825098447;100% grape Juice #2
3002003;41220335565;100% grape Juice from concentrate
3002004;41268206926;100% Grapefruit Juice
3002005;11110484932;100% Grapefruit Juice #2
3002006;70404002450;100% grapeseed Oil
3002007;70404002740;100% grapeseed Oil #2
3002008;94922456908;100% grapeseed Oil #3
3002009;76338965250;100% grass fed beef
3002010;76338966653;100% grass fed beef #2
3002011;850074005278;100% grass fed beef frankfurters
3002012;875045182420;100% grass fed beef ground beef patties
3002013;647086000618;100% grass fed ground beef
3002014;816173020161;100% grass fed ground beef #2
3002015;891534006381;100% grass fed Organic ground beef
3002016;837152000226;100% grass fed raw Cheese
3002018;85239268315;100% grass-fed beef
3002019;78742253381;100% grass-fed beef burgers
3002021;810088022067;100% grass-fed beef patties
3002022;83832048716;100% grass-fed Cow yogurt
3002023;705105541754;100% grass-fed cows creamline yogurt
3002024;855088005122;100% grass-fed cows drinkable plain yogurt
3002028;857598100885;100% grass-fed ground beef
3002017;93966308471;100% grassfed beef
3002020;93966308464;100% grassfed beef jerky
3002025;85239301029;100% grassfed ground beef
3002026;85239312681;100% grassfed ground beef #2
3002027;856771007003;100% grassfed ground beef #3
3002029;726984560698;100% grated parmesan Cheese
3002030;11110813855;100% grated parmesan Cheese #2
3002031;46567007380;100% grated parmesan Cheese #3
3002032;36929338948;100% grated parmesan Cheese #4
3002033;78742015101;100% grated parmesan Cheese #5
3002034;78742353227;100% grated parmesan Cheese #6
3002035;85239400548;100% grated parmesan Cheese #7
3002036;85239401590;100% grated parmesan Cheese #8
3002037;99336003519;100% grated parmesan Natural Cheese
3002038;46567007410;100% grated parmesan&romano Cheese
3002039;41130591716;100% ground beef
3002040;76338470150;100% ground beef angus chuck pub style patties
3002041;76338470044;100% ground beef brisket burgers
3002042;34779500461;100% ground beef patties
3002043;98911134075;100% ground chuck patties
3002044;98911134099;100% ground chunk patties
3002045;854821005085;100% ground cocoa beans
3002046;41289513805;100% ground White corn tortilla chips
3002047;41289513904;100% ground White corn tortilla chips #2
3002048;96423810210;100% halal beef burgers
1358378;815578000044;100% hemp back scrubber
1358379;815578000037;100% hemp Bath mitt
1358380;815578000075;100% hemp Beverage sleeve
1358381;815578000068;100% hemp coasters
